﻿Designator,Footprint,Quantity,Value,LCSC Part #
C1,0805,1,100uF,
"D1, D2, D3, D4, D5, D7",D_SOD-123,6,1N4148W,
D6,LED_D5.0mm,1,LED,
"J1, J4",PinSocket_1x04_P2.54mm_Vertical,2,Conn_01x04_Pin,
J3,PinHeader_1x02_P2.54mm_Vertical,1,Conn_01x02_Pin,
K1,Relay_SPDT_Finder_36.11,1,Relay_SPDT,
Q2,TO-92_Inline,1,2N3904,
"R1, R2",0805,2,100k,
R3,0805,1,10k,
R4,0805,1,1k,
"SW1, SW10, SW2, SW3, SW4, SW5, SW6, SW7, SW8, SW9",SW_PUSH_6mm,10,SW_Push,
U1,CERDIP-16_W7.62mm_SideBrazed_LongPads_Socket,1,4017,
